{
    "Abyss": {
        "X_Y_Buffer": [
            13.297627417786174,
            27.372549664207895
        ],
        "Map_Size": [
            773.0286585288578,
            748.0721239516549
        ]
    },
    "Ascent": {
        "X_Y_Buffer": [
            69.44983021649256,
            33.611683308508645
        ],
        "Map_Size": [
            693.1677478818087,
            741.8329903073542
        ]
    },
    "Bind": {
        "X_Y_Buffer": [
            114.99550581988771,
            11.774715553456076
        ],
        "Map_Size": [
            635.7677183542422,
            754.3112575959557
        ]
    },
    "Breeze": {
        "X_Y_Buffer": [
            27.023721435247737,
            27.996463028638004
        ],
        "Map_Size": [
            747.4482105872249,
            732.4742898409031
        ]
    },
    "Fracture": {
        "X_Y_Buffer": [
            18.912847697656815,
            57.944304521281424
        ],
        "Map_Size": [
            719.3721091878717,
            682.5612206864974
        ]
    },
    "Haven": {
        "X_Y_Buffer": [
            63.834609936621916,
            31.73994321521843
        ],
        "Map_Size": [
            667.5872999401759,
            741.8329903073542
        ]
    },
    "Icebox": {
        "X_Y_Buffer": [
            63.834609936621916,
            4.287755180295335
        ],
        "Map_Size": [
            657.6046861092948,
            745.5764704939346
        ]
    },
    "Lotus": {
        "X_Y_Buffer": [
            45.74112236814986,
            96.6269331159458
        ],
        "Map_Size": [
            697.5351414328193,
            618.9220575146303
        ]
    },
    "Pearl": {
        "X_Y_Buffer": [
            4.562840315765186,
            31.73994321521843
        ],
        "Map_Size": [
            789.8743193684697,
            737.4655967563436
        ]
    },
    "Split": {
        "X_Y_Buffer": [
            23.28024124866731,
            44.84212386824993
        ],
        "Map_Size": [
            739.9612502140641,
            693.1677478818086
        ]
    },
    "Sunset": {
        "X_Y_Buffer": [
            35.75850853726874,
            9.902975460165862
        ],
        "Map_Size": [
            739.961250214064,
            779.8917055375886
        ]
    }
}
